symbol,token,price
20MICRONS,16921,186.11
3PLAND,2595,36.33
AARVI,19073,125.38
ABFRL,30108,71.3
ADANIPOWER,17388,142.63
ADL,245,73.49
ADSL,14813,128.34
ADVANCE,759402,122.35
ADVENZYMES,18039,276.35
AEROENTER,12015,82.09
AEROFLEX,18268,175.27
AFFORDABLE,25855,185.56
AFSL,13288,201.0
AGIIL,24445,283.4
AGROPHOS,9046,38.91
AHLADA,2004,51.32
AKSHARCHEM,20178,220.77
ALEMBICLTD,79,96.17
ALKALI,16959,76.87
ALPHAGEO,14597,216.23
AMDIND,14398,43.17
AMJLAND,2598,50.47
ANDHRAPAP,166,64.13
ANDHRSUGAR,136,71.51
ANIKINDS,16657,46.07
APCL,20453,137.25
APTUS,5435,270.0
ARCHIDPLY,16795,85.98
ARENTERP,181,44.32
ARIHANTCAP,3813,87.76
ARKADE,25398,125.44
ARTEMISMED,16913,259.55
ARTNIRMAN,6156,45.87
ARVIND,193,298.6
ASHIANA,24403,294.75
ASHOKLEY,212,184.25
ASIANTILES,14889,75.51
AURUM,10310,191.92
AVG,15589,165.98
AVROIND,8827,144.84
BAJAJHFL,25270,92.39
BALAJEE,25203,38.02
BALPHARMA,13441,71.4
BANARBEADS,347,114.09
BANDHANBNK,2263,144.84
BANG,15303,46.39
BANKINDIA,4745,157.34
BANSWRAS,14511,103.75
BBTCL,12153,191.22
BECTORFOOD,1628,228.21
BEDMUTHA,20196,108.8
BELRISE,757102,170.71
BEPL,419,85.18
BHAGCHEM,6164,223.1
BHAGERIA,13400,168.88
BHARATWIRE,16123,172.53
BHEL,438,265.4
BIRLACABLE,477,133.31
BLAL,15067,204.04
BLKASHYAP,13290,48.39
BLUSPRING,757520,64.1
BODALCHEM,25017,49.9
BOROLTD,19401,270.2
BOROSCI,24014,115.99
BPL,530,61.7
BRIGHOTEL,757794,67.21
BROOKS,25136,68.35
BSL,559,137.35
CAMLINFINE,6216,147.78
CAMPUS,9362,250.75
CANBK,10794,157.13
CANHLIFE,759477,141.06
CAPACITE,21749,236.5
CAPITALSFB,22675,261.9
CASTROLIND,1250,185.28
CEIGALL,24742,279.2
CENTRALBK,14894,38.58
CESC,628,155.73
CHEMBOND,14618,161.82
CHEMBONDCH,757989,141.32
CHEMPLASTS,5449,274.8
CIFL,756015,33.28
CONSOFINVT,11731,159.96
CORDSCABLE,15271,167.25
CPCAP,20086,109.86
CPEDU,758941,237.35
CRAMC,759311,295.7
CROMPTON,17094,251.2
CSLFINANCE,10350,281.05
CUB,5701,273.0
CUBEXTUB,4064,105.75
DALMIASUG,781,278.7
DAMCAPITAL,28662,205.0
DBEIL,25892,103.22
DBREALTY,18124,104.11
DCAL,21704,254.08
DCBBANK,13725,187.92
DCM,805,88.45
DCW,817,52.49
DCXINDIA,11895,175.58
DEEDEV,24154,206.34
DELPHIFX,24391,242.24
DELTACORP,15044,69.92
DEN,17722,30.16
DENTA,29256,296.25
DEVIT,8146,33.35
DEVYANI,5373,132.13
DGCONTENT,10346,31.39
DHRUV,6858,43.67
DIAMINESQ,18644,251.9
DIFFNKG,25672,290.5
DIGITIDE,757515,120.21
DJML,12749,72.5
DONEAR,13839,85.67
DPWIRES,16900,185.39
DREAMFOLKS,10859,100.31
DTIL,6227,151.41
DVL,15214,273.6
DWARKESH,11667,34.69
DYNPRO,21314,229.6
ECOSMOBLTY,25060,183.82
EFCIL,758675,280.4
EIEL,27213,186.97
EIFFL,6040,281.15
EKC,13091,108.72
ELECTCAST,928,76.47
ELIN,13423,156.75
ELLEN,758563,268.4
EMAMIPAP,10074,83.01
EMAMIREAL,19277,79.27
EMIL,11530,96.28
EMMVEE,759728,215.31
ENGINERSIN,4907,187.17
ENIL,13192,117.61
EPACK,22463,268.05
EPL,981,207.78
ESTER,24265,95.13
ETERNAL,5097,287.7
EUROBOND,757953,178.27
VRAJ,24321,133.14
VSSL,27067,274.05
VSTL,22730,128.65
WALCHANNAG,3736,158.56
WCIL,25403,110.35
WEIZMANIND,3748,91.26
WEL,7835,151.29
WELSPUNLIV,11253,121.22
WINDMACHIN,24969,259.1
WIPL,20481,146.87
WORTHPERI,22277,140.44
WSI,14828,82.39
XCHANGING,11705,76.14
XTGLOBAL,25235,30.5
YATRA,18760,160.77
ZIMLAB,12384,79.54
ZODIACLOTH,3821,82.84
ZUARIIND,3827,284.9
